{
  "allFiles": [
    {
      "file": "/storage/emulated/0/AndroidIDEProjects/daily_ritual_butler/pubspec.yaml",
      "selection": {
        "end": {
          "column": 19,
          "index": 710,
          "line": 34
        },
        "start": {
          "column": 19,
          "index": 710,
          "line": 34
        }
      }
    },
    {
      "file": "/storage/emulated/0/AndroidIDEProjects/daily_ritual_butler/lib/main.dart",
      "selection": {
        "end": {
          "column": 1,
          "index": 10095,
          "line": 337
        },
        "start": {
          "column": 0,
          "index": 0,
          "line": 0
        }
      }
    }
  ],
  "selectedFile": "/storage/emulated/0/AndroidIDEProjects/daily_ritual_butler/lib/main.dart"
}